{"theta0": 8499.498687839055, "theta1": -0.021448003413970934}